Var1,Var2
4.97159431886377,0.995099019803961
5,1
