Var1,Var2
4.79655931186237,0.963292658531706
4.81476295259052,0.966593318663733
4.85957191438288,0.974694938987798
4.88617723544709,0.979495899179836
4.9127825565113,0.984296859371874
4.9743948789758,0.995399079815963
5.01780356071214,1.00320064012803
5.06961392278456,1.0125025005001
5.07801560312062,1.01400280056011
5.29645929185837,1.05301060212042
5,1
